customer_id,transaction_date,monetary_value
C0001,30-01-2023,282
C0001,13-02-2023,2255
C0001,26-02-2023,331
C0001,07-03-2023,1158
C0001,17-03-2023,1936
C0001,04-04-2023,2491
C0001,21-04-2023,1426
C0001,20-05-2023,1821
C0001,03-06-2023,767
C0001,23-06-2023,1646
C0001,18-07-2023,2103
C0001,17-08-2023,710
C0001,11-09-2023,925
C0001,18-09-2023,140
C0001,14-10-2023,193
C0001,28-10-2023,929
C0002,14-01-2023,1477
C0002,04-02-2023,2415
C0002,05-03-2023,1521
C0002,01-04-2023,314
C0002,09-04-2023,348
C0002,25-04-2023,832
C0002,14-05-2023,2485
C0002,09-06-2023,1043
C0002,20-06-2023,1704
C0002,17-07-2023,363
C0002,02-08-2023,1669
C0002,22-08-2023,1455
C0003,29-01-2023,438
C0003,10-02-2023,636
C0003,07-03-2023,1621
C0003,31-03-2023,315
C0003,22-04-2023,784
C0003,07-05-2023,2118
C0003,05-06-2023,1224
C0003,19-06-2023,1856
C0003,14-07-2023,723
C0004,01-02-2023,302
C0004,20-02-2023,2474
C0004,03-03-2023,839
C0004,14-03-2023,2175
C0004,21-03-2023,1368
C0004,03-04-2023,2035
C0004,25-04-2023,1036
C0004,15-05-2023,408
C0004,05-06-2023,1368
C0004,16-06-2023,1395
C0005,01-02-2023,1461
C0005,01-03-2023,2064
C0005,15-03-2023,723
C0005,07-04-2023,200
C0005,26-04-2023,184
C0005,14-05-2023,500
C0005,10-06-2023,2317
C0005,27-06-2023,346
C0005,22-07-2023,1552
C0005,17-08-2023,2313
C0006,07-02-2023,387
C0006,26-02-2023,173
C0006,07-03-2023,474
C0006,22-03-2023,1188
C0006,31-03-2023,166
C0006,17-04-2023,2401
C0006,14-05-2023,215
C0006,03-06-2023,651
C0006,29-06-2023,524
C0006,26-07-2023,1650
C0007,31-01-2023,1963
C0007,01-03-2023,1794
C0007,23-03-2023,195
C0007,19-04-2023,226
C0007,10-05-2023,1893
C0007,30-05-2023,1697
C0007,27-06-2023,246
C0007,14-07-2023,1692
C0007,22-07-2023,1802
C0007,18-08-2023,874
C0007,02-09-2023,872
C0007,01-10-2023,1276
C0007,31-10-2023,325
C0007,27-11-2023,663
C0007,07-12-2023,1235
C0007,19-12-2023,2305
C0008,27-01-2023,712
C0008,03-02-2023,1018
C0008,17-02-2023,1732
C0008,03-03-2023,2064
C0008,02-04-2023,2155
C0008,16-04-2023,1132
C0009,04-02-2023,355
C0009,20-02-2023,500
C0009,27-02-2023,1440
C0009,14-03-2023,2178
C0009,08-04-2023,1074
C0009,07-05-2023,2131
C0009,26-05-2023,507
C0009,16-06-2023,577
C0009,06-07-2023,1936
C0009,15-07-2023,1270
C0009,04-08-2023,1836
C0009,31-08-2023,1837
C0009,15-09-2023,2100
C0009,10-10-2023,1813
C0009,24-10-2023,1433
C0009,21-11-2023,1028
C0009,28-11-2023,1780
C0010,13-02-2023,491
C0010,25-02-2023,541
C0010,20-03-2023,2169
C0010,19-04-2023,2465
C0010,17-05-2023,653
C0010,14-06-2023,321
C0010,10-07-2023,1738
C0010,02-08-2023,298
C0010,24-08-2023,1089
C0010,18-09-2023,1412
C0010,30-09-2023,631
C0010,09-10-2023,207
C0010,25-10-2023,2188
C0010,13-11-2023,312
C0011,02-02-2023,2352
C0011,02-03-2023,1839
C0011,20-03-2023,1695
C0011,31-03-2023,660
C0011,07-04-2023,2057
C0011,07-05-2023,1925
C0011,03-06-2023,258
C0011,13-06-2023,854
C0011,02-07-2023,1503
C0011,25-07-2023,414
C0011,19-08-2023,653
C0011,16-09-2023,1391
C0011,08-10-2023,2109
C0011,21-10-2023,1207
C0011,04-11-2023,2373
C0011,29-11-2023,473
C0011,15-12-2023,1215
C0012,10-01-2023,2292
C0012,23-01-2023,1194
C0012,15-02-2023,2154
C0012,15-03-2023,1147
C0012,06-04-2023,1424
C0012,14-04-2023,603
C0012,07-05-2023,2214
C0012,26-05-2023,581
C0012,09-06-2023,539
C0012,30-06-2023,2368
C0012,20-07-2023,2036
C0012,05-08-2023,844
C0012,29-08-2023,1112
C0012,15-09-2023,1608
C0012,07-10-2023,2434
C0012,16-10-2023,2373
C0012,08-11-2023,1570
C0012,06-12-2023,1974
C0013,24-01-2023,1945
C0013,17-02-2023,1732
C0013,04-03-2023,442
C0013,26-03-2023,388
C0013,22-04-2023,1437
C0014,19-01-2023,559
C0014,26-01-2023,1580
C0014,11-02-2023,126
C0014,25-02-2023,1249
C0014,19-03-2023,1082
C0014,06-04-2023,460
C0014,28-04-2023,290
C0014,10-05-2023,2121
C0014,23-05-2023,458
C0014,12-06-2023,1701
C0014,28-06-2023,469
C0014,24-07-2023,2409
C0014,16-08-2023,748
C0014,08-09-2023,419
C0014,18-09-2023,1524
C0015,18-01-2023,1292
C0015,14-02-2023,1136
C0015,26-02-2023,1913
C0015,18-03-2023,594
C0016,27-01-2023,803
C0016,03-02-2023,1083
C0016,25-02-2023,2294
C0016,10-03-2023,421
C0016,27-03-2023,1753
C0016,25-04-2023,876
C0016,06-05-2023,145
C0016,28-05-2023,1063
C0017,26-01-2023,653
C0017,07-02-2023,1552
C0017,23-02-2023,890
C0017,08-03-2023,588
C0017,01-04-2023,1715
C0017,24-04-2023,935
C0017,08-05-2023,1996
C0017,04-06-2023,748
C0017,23-06-2023,1983
C0017,20-07-2023,1376
C0017,31-07-2023,1127
C0017,13-08-2023,704
C0017,12-09-2023,2349
C0017,06-10-2023,428
C0017,23-10-2023,2068
C0017,13-11-2023,1309
C0018,12-01-2023,2398
C0018,09-02-2023,1864
C0018,06-03-2023,2328
C0018,26-03-2023,1465
C0018,18-04-2023,2151
C0018,04-05-2023,480
C0018,23-05-2023,2206
C0018,09-06-2023,2161
C0018,03-07-2023,1575
C0018,19-07-2023,1389
C0018,13-08-2023,1368
C0018,06-09-2023,1543
C0019,06-02-2023,1126
C0019,14-02-2023,2112
C0019,01-03-2023,598
C0019,31-03-2023,1689
C0019,11-04-2023,360
C0019,28-04-2023,1077
C0019,21-05-2023,2448
C0019,12-06-2023,1313
C0019,23-06-2023,1997
C0019,02-07-2023,1035
C0019,13-07-2023,2434
C0019,28-07-2023,1825
C0019,13-08-2023,1914
C0019,06-09-2023,699
C0019,14-09-2023,174
C0020,20-01-2023,838
C0020,16-02-2023,935
C0020,18-03-2023,1055
C0020,11-04-2023,753
C0020,07-05-2023,1979
C0020,16-05-2023,1274
C0020,27-05-2023,2209
C0020,12-06-2023,2141
C0021,25-01-2023,513
C0021,24-02-2023,1817
C0021,22-03-2023,2142
C0021,16-04-2023,2017
C0021,02-05-2023,1823
C0021,26-05-2023,1607
C0021,24-06-2023,2172
C0021,14-07-2023,608
C0021,10-08-2023,2454
C0021,29-08-2023,2290
C0021,11-09-2023,1399
C0021,29-09-2023,2358
C0021,29-10-2023,1450
C0021,10-11-2023,1333
C0021,09-12-2023,1943
C0021,25-12-2023,1908
C0022,30-01-2023,250
C0022,27-02-2023,1061
C0022,24-03-2023,280
C0022,04-04-2023,1793
C0022,26-04-2023,2137
C0022,06-05-2023,1289
C0022,25-05-2023,1770
C0022,16-06-2023,597
C0022,29-06-2023,358
C0022,11-07-2023,484
C0022,30-07-2023,1317
C0022,29-08-2023,1211
C0022,11-09-2023,600
C0022,04-10-2023,1693
C0022,27-10-2023,218
C0022,24-11-2023,597
C0022,01-12-2023,1090
C0022,30-12-2023,1728
C0023,23-01-2023,398
C0023,22-02-2023,1948
C0023,20-03-2023,2213
C0023,30-03-2023,1594
C0023,07-04-2023,2362
C0023,02-05-2023,185
C0024,26-01-2023,864
C0024,17-02-2023,2378
C0024,15-03-2023,2082
C0024,14-04-2023,1018
C0024,30-04-2023,1650
C0025,28-01-2023,1727
C0025,19-02-2023,240
C0025,26-02-2023,1144
C0025,24-03-2023,1950
C0025,09-04-2023,1443
C0025,27-04-2023,618
C0025,20-05-2023,517
C0025,16-06-2023,648
C0025,10-07-2023,2218
C0025,18-07-2023,444
C0025,30-07-2023,575
C0026,24-01-2023,271
C0026,23-02-2023,1244
C0026,03-03-2023,1184
C0026,25-03-2023,1877
C0026,02-04-2023,2321
C0026,11-04-2023,2121
C0026,07-05-2023,1521
C0026,21-05-2023,1181
C0026,29-05-2023,875
C0026,17-06-2023,2129
C0026,12-07-2023,1941
C0027,05-02-2023,1039
C0027,22-02-2023,2118
C0027,17-03-2023,556
C0027,14-04-2023,1860
C0027,11-05-2023,417
C0027,24-05-2023,831
C0027,31-05-2023,1554
C0027,22-06-2023,1275
C0027,29-06-2023,1974
C0027,12-07-2023,438
C0027,02-08-2023,1836
C0027,15-08-2023,708
C0027,01-09-2023,660
C0027,22-09-2023,1724
C0027,09-10-2023,1596
C0027,22-10-2023,256
C0027,15-11-2023,1822
C0027,02-12-2023,380
C0028,08-02-2023,674
C0028,16-02-2023,2080
C0028,08-03-2023,1595
C0028,25-03-2023,1235
C0028,15-04-2023,1464
C0028,12-05-2023,576
C0028,09-06-2023,1707
C0028,03-07-2023,1130
C0028,14-07-2023,2157
C0028,07-08-2023,1590
C0028,18-08-2023,1642
C0028,05-09-2023,2193
C0028,21-09-2023,327
C0028,03-10-2023,2352
C0028,24-10-2023,553
C0028,23-11-2023,2498
C0028,04-12-2023,1213
C0029,05-02-2023,470
C0029,13-02-2023,539
C0029,06-03-2023,1609
C0029,04-04-2023,758
C0029,25-04-2023,411
C0029,05-05-2023,645
C0029,21-05-2023,2063
C0030,01-02-2023,1439
C0030,11-02-2023,1366
C0030,06-03-2023,1551
C0030,14-03-2023,1994
C0030,25-03-2023,1832
C0030,24-04-2023,1576
C0030,01-05-2023,575
C0030,20-05-2023,1422
C0031,22-01-2023,2427
C0031,07-02-2023,1027
C0031,05-03-2023,491
C0031,19-03-2023,1365
C0031,14-04-2023,220
C0031,04-05-2023,390
C0031,14-05-2023,2125
C0031,06-06-2023,935
C0031,27-06-2023,1030
C0031,11-07-2023,1823
C0032,08-02-2023,1164
C0032,18-02-2023,1046
C0032,19-03-2023,1149
C0032,01-04-2023,1566
C0032,12-04-2023,1124
C0032,10-05-2023,596
C0032,30-05-2023,1260
C0032,18-06-2023,1403
C0032,02-07-2023,230
C0032,12-07-2023,1098
C0032,20-07-2023,2027
C0032,31-07-2023,2002
C0033,03-02-2023,1654
C0033,28-02-2023,900
C0033,22-03-2023,1720
C0033,20-04-2023,2132
C0033,07-05-2023,482
C0033,06-06-2023,461
C0033,06-07-2023,1655
C0034,11-01-2023,159
C0034,23-01-2023,1541
C0034,08-02-2023,405
C0034,26-02-2023,491
C0034,08-03-2023,760
C0035,23-01-2023,212
C0035,14-02-2023,685
C0035,02-03-2023,2299
C0035,13-03-2023,553
C0035,20-03-2023,918
C0035,06-04-2023,565
C0035,27-04-2023,289
C0035,12-05-2023,2305
C0035,22-05-2023,1603
C0036,20-01-2023,1374
C0036,30-01-2023,333
C0036,12-02-2023,836
C0036,25-02-2023,1542
C0036,19-03-2023,1269
C0036,04-04-2023,1527
C0036,04-05-2023,2403
C0037,13-01-2023,1892
C0037,31-01-2023,1009
C0037,13-02-2023,974
C0037,02-03-2023,2051
C0037,25-03-2023,1489
C0037,08-04-2023,1809
C0037,18-04-2023,834
C0038,22-01-2023,656
C0038,08-02-2023,1761
C0038,03-03-2023,495
C0038,10-03-2023,652
C0038,02-04-2023,936
C0038,11-04-2023,373
C0038,28-04-2023,440
C0039,29-01-2023,169
C0039,24-02-2023,1253
C0039,22-03-2023,2102
C0039,06-04-2023,1973
C0040,02-02-2023,871
C0040,26-02-2023,700
C0040,17-03-2023,922
C0040,08-04-2023,831
C0041,03-02-2023,2207
C0041,24-02-2023,1692
C0041,19-03-2023,251
C0041,03-04-2023,869
C0041,22-04-2023,752
C0041,15-05-2023,812
C0041,25-05-2023,2412
C0041,21-06-2023,1874
C0041,04-07-2023,1257
C0041,28-07-2023,1327
C0041,27-08-2023,886
C0041,26-09-2023,2379
C0041,20-10-2023,2401
C0041,31-10-2023,1906
C0041,12-11-2023,2455
C0042,23-01-2023,583
C0042,03-02-2023,1193
C0042,02-03-2023,772
C0042,01-04-2023,1571
C0042,13-04-2023,1204
C0042,04-05-2023,1542
C0042,29-05-2023,1213
C0042,17-06-2023,1499
C0043,30-01-2023,627
C0043,27-02-2023,949
C0043,17-03-2023,469
C0043,15-04-2023,1196
C0043,07-05-2023,605
C0043,20-05-2023,1721
C0043,12-06-2023,220
C0043,01-07-2023,1136
C0043,16-07-2023,2493
C0044,05-02-2023,1981
C0044,20-02-2023,1795
C0044,16-03-2023,801
C0044,05-04-2023,2298
C0044,01-05-2023,859
C0044,23-05-2023,134
C0044,30-05-2023,1572
C0044,09-06-2023,1948
C0044,03-07-2023,1313
C0044,12-07-2023,2000
C0044,08-08-2023,2221
C0044,26-08-2023,1109
C0044,18-09-2023,647
C0044,13-10-2023,1758
C0044,31-10-2023,1123
C0045,22-01-2023,286
C0045,14-02-2023,2257
C0045,10-03-2023,1699
C0045,05-04-2023,512
C0046,09-02-2023,2002
C0046,19-02-2023,1363
C0046,04-03-2023,835
C0046,13-03-2023,2114
C0046,26-03-2023,153
C0046,24-04-2023,2126
C0047,09-01-2023,631
C0047,22-01-2023,881
C0047,20-02-2023,2047
C0047,06-03-2023,2190
C0047,05-04-2023,1153
C0047,18-04-2023,191
C0047,13-05-2023,196
C0047,09-06-2023,593
C0047,19-06-2023,154
C0047,19-07-2023,470
C0047,05-08-2023,2353
C0047,04-09-2023,680
C0047,30-09-2023,733
C0047,20-10-2023,272
C0047,31-10-2023,1393
C0047,28-11-2023,2294
C0048,29-01-2023,815
C0048,10-02-2023,430
C0048,22-02-2023,1982
C0048,15-03-2023,467
C0048,10-04-2023,1291
C0048,09-05-2023,746
C0048,16-05-2023,807
C0049,31-01-2023,805
C0049,02-03-2023,130
C0049,15-03-2023,1082
C0049,07-04-2023,2260
C0049,30-04-2023,1651
C0049,23-05-2023,480
C0049,30-05-2023,2379
C0050,18-02-2023,951
C0050,19-03-2023,2270
C0050,10-04-2023,1602
C0050,28-04-2023,523
C0050,10-05-2023,1193
C0050,31-05-2023,1653
C0050,12-06-2023,338
C0050,09-07-2023,2133
C0050,17-07-2023,487
C0050,04-08-2023,2304
C0050,15-08-2023,826
C0050,27-08-2023,2202
C0051,31-01-2023,1512
C0051,12-02-2023,1300
C0051,27-02-2023,2196
C0051,17-03-2023,629
C0051,02-04-2023,262
C0051,11-04-2023,2092
C0051,29-04-2023,868
C0051,21-05-2023,2327
C0051,15-06-2023,1133
C0051,10-07-2023,881
C0051,19-07-2023,185
C0051,27-07-2023,579
C0051,08-08-2023,1836
C0051,04-09-2023,320
C0052,21-01-2023,1755
C0052,07-02-2023,1260
C0052,09-03-2023,1482
C0052,24-03-2023,391
C0052,01-04-2023,358
C0052,01-05-2023,1295
C0052,29-05-2023,1035
C0052,05-06-2023,1415
C0052,26-06-2023,1905
C0052,24-07-2023,2054
C0052,17-08-2023,170
C0052,24-08-2023,181
C0052,04-09-2023,1891
C0052,18-09-2023,915
C0052,08-10-2023,705
C0052,21-10-2023,1843
C0053,25-01-2023,269
C0053,23-02-2023,448
C0053,22-03-2023,2416
C0053,21-04-2023,1419
C0053,29-04-2023,1164
C0053,23-05-2023,2250
C0053,19-06-2023,2406
C0053,07-07-2023,1415
C0053,22-07-2023,2012
C0053,11-08-2023,798
C0053,25-08-2023,384
C0053,01-09-2023,1648
C0053,12-09-2023,407
C0053,30-09-2023,2302
C0053,16-10-2023,1937
C0054,18-01-2023,2434
C0054,13-02-2023,1735
C0054,21-02-2023,645
C0054,20-03-2023,726
C0054,08-04-2023,1152
C0054,26-04-2023,1301
C0054,16-05-2023,815
C0055,18-01-2023,310
C0055,31-01-2023,1971
C0055,23-02-2023,866
C0055,17-03-2023,2494
C0055,11-04-2023,2003
C0055,02-05-2023,842
C0055,28-05-2023,1836
C0055,12-06-2023,2029
C0055,08-07-2023,1961
C0055,29-07-2023,1943
C0055,18-08-2023,1130
C0055,13-09-2023,1079
C0055,28-09-2023,332
C0055,24-10-2023,1424
C0055,04-11-2023,1506
C0055,21-11-2023,2478
C0055,02-12-2023,1808
C0055,24-12-2023,1529
C0056,15-02-2023,1527
C0056,12-03-2023,1413
C0056,29-03-2023,1926
C0056,21-04-2023,522
C0056,21-05-2023,1024
C0056,16-06-2023,2294
C0056,10-07-2023,2045
C0056,29-07-2023,2446
C0056,05-08-2023,536
C0056,15-08-2023,1422
C0056,27-08-2023,2329
C0056,22-09-2023,212
C0056,05-10-2023,418
C0056,18-10-2023,1616
C0056,07-11-2023,2409
C0057,29-01-2023,2092
C0057,11-02-2023,553
C0057,13-03-2023,219
C0057,31-03-2023,1861
C0057,15-04-2023,1085
C0057,27-04-2023,1884
C0057,27-05-2023,1732
C0057,11-06-2023,317
C0057,25-06-2023,1982
C0057,21-07-2023,1554
C0057,08-08-2023,1854
C0057,21-08-2023,1234
C0058,01-02-2023,1849
C0058,23-02-2023,2371
C0058,18-03-2023,2322
C0058,05-04-2023,1745
C0058,01-05-2023,1931
C0058,16-05-2023,650
C0058,11-06-2023,566
C0059,09-02-2023,1707
C0059,21-02-2023,2459
C0059,11-03-2023,2126
C0059,06-04-2023,1494
C0059,21-04-2023,462
C0059,11-05-2023,2039
C0059,29-05-2023,481
C0059,18-06-2023,876
C0059,30-06-2023,994
C0059,15-07-2023,1154
C0059,07-08-2023,218
C0059,05-09-2023,2362
C0059,04-10-2023,1153
C0060,24-01-2023,2165
C0060,01-02-2023,2207
C0060,13-02-2023,383
C0060,23-02-2023,2144
C0060,06-03-2023,799
C0060,31-03-2023,1738
C0060,18-04-2023,1924
C0060,09-05-2023,749
C0060,04-06-2023,2281
C0060,01-07-2023,1291
C0060,28-07-2023,147
C0060,16-08-2023,441
C0060,29-08-2023,2008
C0060,21-09-2023,1863
C0060,13-10-2023,384
C0060,07-11-2023,2331
C0060,14-11-2023,1723
C0060,22-11-2023,496
C0061,23-01-2023,1574
C0061,20-02-2023,353
C0061,11-03-2023,275
C0061,04-04-2023,2371
C0061,02-05-2023,1137
C0061,19-05-2023,2346
C0061,10-06-2023,234
C0061,10-07-2023,1620
C0062,03-02-2023,206
C0062,02-03-2023,677
C0062,10-03-2023,1973
C0062,20-03-2023,502
C0062,16-04-2023,2362
C0062,23-04-2023,1445
C0062,10-05-2023,625
C0062,29-05-2023,1471
C0062,13-06-2023,2324
C0062,26-06-2023,2261
C0063,26-01-2023,1353
C0063,03-02-2023,152
C0063,18-02-2023,1778
C0063,13-03-2023,1451
C0063,26-03-2023,875
C0063,18-04-2023,153
C0063,06-05-2023,745
C0064,22-01-2023,209
C0064,16-02-2023,2449
C0064,10-03-2023,346
C0064,21-03-2023,249
C0064,01-04-2023,237
C0064,12-04-2023,1028
C0064,10-05-2023,1112
C0064,02-06-2023,782
C0064,14-06-2023,661
C0064,29-06-2023,1586
C0064,22-07-2023,643
C0064,14-08-2023,2397
C0064,28-08-2023,2115
C0064,19-09-2023,2298
C0064,19-10-2023,824
C0064,15-11-2023,285
C0064,15-12-2023,2230
C0065,29-01-2023,1057
C0065,09-02-2023,2059
C0065,03-03-2023,341
C0065,15-03-2023,1034
C0065,09-04-2023,459
C0065,26-04-2023,509
C0065,09-05-2023,2023
C0065,23-05-2023,1996
C0065,21-06-2023,883
C0065,09-07-2023,2083
C0065,03-08-2023,707
C0065,01-09-2023,2454
C0065,15-09-2023,1559
C0065,14-10-2023,2024
C0065,07-11-2023,848
C0065,21-11-2023,501
C0066,22-01-2023,1335
C0066,02-02-2023,2237
C0066,16-02-2023,1344
C0066,06-03-2023,1835
C0066,25-03-2023,2239
C0066,18-04-2023,1742
C0066,30-04-2023,1681
C0066,15-05-2023,2103
C0066,06-06-2023,2005
C0066,28-06-2023,708
C0066,22-07-2023,1963
C0066,11-08-2023,1165
C0066,26-08-2023,1446
C0066,03-09-2023,549
C0066,25-09-2023,531
C0066,15-10-2023,792
C0066,04-11-2023,712
C0067,30-01-2023,785
C0067,09-02-2023,467
C0067,24-02-2023,1443
C0067,15-03-2023,1827
C0068,03-02-2023,1715
C0068,27-02-2023,2210
C0068,10-03-2023,1486
C0068,26-03-2023,1846
C0068,02-04-2023,2470
C0068,22-04-2023,2134
C0068,12-05-2023,1108
C0068,05-06-2023,2150
C0068,28-06-2023,301
C0068,22-07-2023,648
C0068,12-08-2023,755
C0068,25-08-2023,973
C0068,04-09-2023,2382
C0068,29-09-2023,414
C0068,17-10-2023,2175
C0068,02-11-2023,831
C0068,18-11-2023,218
C0069,31-01-2023,1394
C0069,19-02-2023,1139
C0069,05-03-2023,626
C0069,04-04-2023,574
C0069,20-04-2023,800
C0069,07-05-2023,713
C0069,27-05-2023,1979
C0070,09-02-2023,1769
C0070,16-02-2023,1075
C0070,26-02-2023,686
C0070,07-03-2023,682
C0070,16-03-2023,931
C0070,28-03-2023,320
C0070,27-04-2023,2337
C0070,11-05-2023,1033
C0070,23-05-2023,812
C0070,12-06-2023,1699
C0070,19-06-2023,263
C0070,11-07-2023,797
C0070,05-08-2023,1288
C0070,01-09-2023,1783
C0071,02-02-2023,338
C0071,19-02-2023,1375
C0071,09-03-2023,1197
C0071,25-03-2023,2498
C0071,20-04-2023,1502
C0071,16-05-2023,1280
C0071,06-06-2023,925
C0071,25-06-2023,274
C0071,06-07-2023,1926
C0072,05-02-2023,526
C0072,23-02-2023,1648
C0072,12-03-2023,170
C0072,23-03-2023,648
C0072,11-04-2023,686
C0072,26-04-2023,1210
C0072,16-05-2023,196
C0072,27-05-2023,2481
C0072,14-06-2023,1175
C0072,03-07-2023,1827
C0072,13-07-2023,2072
C0073,07-02-2023,1530
C0073,24-02-2023,1074
C0073,03-03-2023,1418
C0073,22-03-2023,1550
C0073,08-04-2023,255
C0073,16-04-2023,2458
C0073,09-05-2023,1671
C0073,24-05-2023,1369
C0073,17-06-2023,992
C0073,27-06-2023,645
C0074,29-01-2023,168
C0074,27-02-2023,172
C0074,12-03-2023,1735
C0074,29-03-2023,737
C0074,21-04-2023,411
C0074,01-05-2023,986
C0074,13-05-2023,1378
C0074,27-05-2023,1440
C0074,11-06-2023,1372
C0074,26-06-2023,2072
C0074,04-07-2023,1895
C0074,12-07-2023,1630
C0075,04-02-2023,302
C0075,22-02-2023,725
C0075,22-03-2023,1841
C0075,07-04-2023,1232
C0075,23-04-2023,2244
C0075,15-05-2023,1617
C0075,09-06-2023,1583
C0075,30-06-2023,1787
C0075,26-07-2023,631
C0075,12-08-2023,1988
C0075,30-08-2023,473
C0076,22-01-2023,1497
C0076,02-02-2023,949
C0076,26-02-2023,1750
C0076,27-03-2023,1501
C0076,19-04-2023,716
C0076,13-05-2023,226
C0076,31-05-2023,2356
C0077,26-01-2023,2190
C0077,03-02-2023,1798
C0077,26-02-2023,2413
C0077,24-03-2023,295
C0077,10-04-2023,1045
C0077,10-05-2023,1422
C0077,07-06-2023,1119
C0077,18-06-2023,806
C0077,13-07-2023,438
C0077,27-07-2023,2461
C0077,05-08-2023,2310
C0077,26-08-2023,1295
C0077,16-09-2023,1880
C0077,06-10-2023,589
C0078,03-02-2023,567
C0078,17-02-2023,367
C0078,25-02-2023,1448
C0078,07-03-2023,2314
C0078,14-03-2023,661
C0078,28-03-2023,1654
C0078,14-04-2023,1686
C0078,03-05-2023,1828
C0078,30-05-2023,299
C0078,09-06-2023,1167
C0078,08-07-2023,2368
C0078,25-07-2023,973
C0078,07-08-2023,819
C0078,19-08-2023,227
C0079,25-01-2023,340
C0079,15-02-2023,1059
C0079,26-02-2023,2496
C0079,22-03-2023,276
C0079,14-04-2023,448
C0079,13-05-2023,935
C0079,22-05-2023,2028
C0079,09-06-2023,1984
C0079,16-06-2023,2012
C0079,16-07-2023,1654
C0079,28-07-2023,143
C0079,14-08-2023,2227
C0079,21-08-2023,2357
C0079,02-09-2023,1143
C0079,17-09-2023,743
C0080,17-01-2023,973
C0080,14-02-2023,1284
C0080,15-03-2023,619
C0080,08-04-2023,314
C0080,06-05-2023,2328
C0080,05-06-2023,1600
C0080,30-06-2023,1056
C0080,19-07-2023,739
C0080,01-08-2023,725
C0080,31-08-2023,1672
C0080,30-09-2023,1678
C0080,08-10-2023,2458
C0080,31-10-2023,2118
C0080,13-11-2023,1656
C0080,28-11-2023,1802
C0080,13-12-2023,899
C0080,23-12-2023,680
C0081,30-01-2023,1818
C0081,12-02-2023,1017
C0081,24-02-2023,2325
C0081,18-03-2023,1322
C0082,17-02-2023,2134
C0082,15-03-2023,1047
C0082,02-04-2023,896
C0082,28-04-2023,270
C0082,17-05-2023,1770
C0082,24-05-2023,779
C0082,22-06-2023,1169
C0082,18-07-2023,1871
C0082,09-08-2023,2287
C0082,25-08-2023,1439
C0083,17-01-2023,1658
C0083,24-01-2023,1099
C0083,18-02-2023,1023
C0083,07-03-2023,890
C0083,20-03-2023,2334
C0083,14-04-2023,1100
C0083,21-04-2023,1783
C0083,18-05-2023,1559
C0083,17-06-2023,300
C0083,17-07-2023,914
C0083,12-08-2023,1097
C0083,04-09-2023,2394
C0083,17-09-2023,2419
C0084,19-01-2023,1597
C0084,29-01-2023,2151
C0084,15-02-2023,426
C0084,05-03-2023,1355
C0084,03-04-2023,2397
C0084,03-05-2023,734
C0084,25-05-2023,2438
C0084,17-06-2023,2026
C0084,05-07-2023,767
C0084,17-07-2023,1436
C0084,29-07-2023,1516
C0084,25-08-2023,1763
C0084,20-09-2023,2317
C0084,02-10-2023,1149
C0084,24-10-2023,900
C0084,14-11-2023,1152
C0084,04-12-2023,2399
C0085,24-01-2023,1551
C0085,31-01-2023,729
C0085,25-02-2023,390
C0085,19-03-2023,2434
C0085,17-04-2023,796
C0085,07-05-2023,1173
C0085,20-05-2023,2489
C0086,18-02-2023,597
C0086,26-02-2023,1262
C0086,09-03-2023,1287
C0086,03-04-2023,2101
C0086,13-04-2023,996
C0086,01-05-2023,750
C0086,18-05-2023,177
C0086,07-06-2023,2137
C0086,01-07-2023,532
C0086,16-07-2023,1382
C0087,30-01-2023,2112
C0087,17-02-2023,685
C0087,09-03-2023,940
C0087,07-04-2023,794
C0087,23-04-2023,213
C0087,21-05-2023,2022
C0087,15-06-2023,2352
C0087,11-07-2023,566
C0087,02-08-2023,1272
C0087,26-08-2023,804
C0087,13-09-2023,669
C0087,06-10-2023,203
C0087,19-10-2023,2135
C0087,11-11-2023,1260
C0087,28-11-2023,2359
C0087,13-12-2023,2332
C0088,02-02-2023,232
C0088,21-02-2023,1000
C0088,22-03-2023,2407
C0088,13-04-2023,120
C0089,22-01-2023,1206
C0089,19-02-2023,2313
C0089,08-03-2023,660
C0089,18-03-2023,410
C0089,07-04-2023,989
C0089,24-04-2023,1037
C0089,23-05-2023,432
C0089,20-06-2023,1234
C0089,16-07-2023,1041
C0089,27-07-2023,1851
C0089,12-08-2023,330
C0090,16-02-2023,704
C0090,15-03-2023,451
C0090,10-04-2023,1936
C0090,23-04-2023,608
C0090,02-05-2023,922
C0090,26-05-2023,483
C0090,16-06-2023,2254
C0090,08-07-2023,1521
C0090,17-07-2023,1524
C0091,01-02-2023,1826
C0091,26-02-2023,1098
C0091,10-03-2023,1996
C0091,18-03-2023,852
C0091,29-03-2023,412
C0091,17-04-2023,2246
C0091,01-05-2023,928
C0091,09-05-2023,1050
C0091,06-06-2023,2143
C0091,24-06-2023,2020
C0091,13-07-2023,1979
C0091,07-08-2023,1916
C0091,05-09-2023,1938
C0091,14-09-2023,648
C0091,23-09-2023,1880
C0091,23-10-2023,458
C0092,05-02-2023,1948
C0092,24-02-2023,1897
C0092,14-03-2023,240
C0092,07-04-2023,372
C0092,03-05-2023,1373
C0092,20-05-2023,1969
C0092,29-05-2023,410
C0092,27-06-2023,1186
C0092,08-07-2023,448
C0092,03-08-2023,1490
C0092,16-08-2023,982
C0092,29-08-2023,2264
C0092,22-09-2023,1064
C0092,20-10-2023,718
C0092,08-11-2023,1290
C0092,30-11-2023,514
C0092,13-12-2023,1483
C0093,29-01-2023,1822
C0093,05-02-2023,1480
C0093,19-02-2023,316
C0093,10-03-2023,1447
C0093,01-04-2023,689
C0093,27-04-2023,1006
C0093,20-05-2023,2378
C0093,17-06-2023,1609
C0093,27-06-2023,797
C0093,27-07-2023,282
C0093,23-08-2023,329
C0093,12-09-2023,1407
C0093,23-09-2023,2138
C0093,02-10-2023,1256
C0093,09-10-2023,1456
C0093,16-10-2023,743
C0094,03-02-2023,2165
C0094,20-02-2023,443
C0094,27-02-2023,177
C0094,10-03-2023,308
C0094,25-03-2023,597
C0094,03-04-2023,1947
C0094,29-04-2023,1650
C0094,25-05-2023,426
C0094,22-06-2023,2315
C0094,14-07-2023,1856
C0095,07-02-2023,2414
C0095,20-02-2023,1924
C0095,12-03-2023,903
C0095,23-03-2023,1890
C0095,04-04-2023,1302
C0095,19-04-2023,1249
C0095,08-05-2023,1501
C0095,25-05-2023,2302
C0095,24-06-2023,2169
C0095,12-07-2023,696
C0096,11-02-2023,179
C0096,22-02-2023,1873
C0096,07-03-2023,1732
C0096,06-04-2023,950
C0096,05-05-2023,354
C0096,02-06-2023,1642
C0097,10-02-2023,1093
C0097,01-03-2023,1329
C0097,09-03-2023,446
C0097,27-03-2023,218
C0097,06-04-2023,203
C0097,16-04-2023,2152
C0097,02-05-2023,2182
C0097,24-05-2023,2173
C0098,30-01-2023,1203
C0098,12-02-2023,2400
C0098,08-03-2023,2109
C0098,15-03-2023,151
C0098,03-04-2023,1915
C0098,11-04-2023,946
C0098,23-04-2023,464
C0098,02-05-2023,282
C0098,29-05-2023,2371
C0098,14-06-2023,1727
C0098,11-07-2023,1353
C0098,31-07-2023,1467
C0098,12-08-2023,1060
C0098,21-08-2023,1599
C0098,05-09-2023,1811
C0099,23-01-2023,1974
C0099,19-02-2023,1064
C0099,06-03-2023,714
C0099,16-03-2023,1289
C0099,05-04-2023,1688
C0099,25-04-2023,1632
C0099,16-05-2023,164
C0099,06-06-2023,569
C0099,27-06-2023,339
C0099,25-07-2023,823
C0099,14-08-2023,2098
C0099,25-08-2023,1949
C0099,06-09-2023,144
C0099,06-10-2023,210
C0099,29-10-2023,982
C0100,09-02-2023,1407
C0100,23-02-2023,1458
C0100,20-03-2023,1024
C0100,30-03-2023,2117
C0100,09-04-2023,328
C0100,01-05-2023,454
C0100,21-05-2023,668
C0100,05-06-2023,1782
C0100,25-06-2023,1271
C0100,25-07-2023,723
C0101,12-01-2023,1191
C0101,30-01-2023,605
C0101,25-02-2023,1200
C0101,19-03-2023,1063
C0102,01-02-2023,390
C0102,09-02-2023,1195
C0102,20-02-2023,1502
C0102,05-03-2023,1850
C0102,17-03-2023,1810
C0102,01-04-2023,555
C0102,10-04-2023,1100
C0102,18-04-2023,714
C0102,16-05-2023,987
C0102,01-06-2023,1442
C0102,24-06-2023,531
C0102,05-07-2023,748
C0103,04-02-2023,420
C0103,28-02-2023,1773
C0103,28-03-2023,947
C0103,17-04-2023,740
C0103,02-05-2023,2495
C0103,27-05-2023,2021
C0103,14-06-2023,775
C0103,23-06-2023,2227
C0104,19-01-2023,1335
C0104,02-02-2023,1279
C0104,03-03-2023,1400
C0104,01-04-2023,879
C0104,11-04-2023,2185
C0104,27-04-2023,2385
C0104,04-05-2023,2187
C0104,03-06-2023,2355
C0104,25-06-2023,1098
C0104,15-07-2023,675
C0105,28-01-2023,1327
C0105,15-02-2023,1975
C0105,23-02-2023,2178
C0105,16-03-2023,1011
C0105,24-03-2023,1465
C0106,20-01-2023,1474
C0106,16-02-2023,478
C0106,03-03-2023,2242
C0106,30-03-2023,980
C0106,15-04-2023,2373
C0107,14-02-2023,956
C0107,02-03-2023,2040
C0107,15-03-2023,852
C0107,03-04-2023,841
C0107,13-04-2023,2242
C0107,13-05-2023,2343
C0107,03-06-2023,1539
C0107,13-06-2023,1730
C0107,06-07-2023,289
C0107,26-07-2023,402
C0107,02-08-2023,2279
C0107,14-08-2023,1152
C0107,03-09-2023,532
C0107,28-09-2023,198
C0107,13-10-2023,963
C0107,20-10-2023,2396
C0108,17-01-2023,219
C0108,03-02-2023,2137
C0108,22-02-2023,2014
C0108,14-03-2023,157
C0108,27-03-2023,762
C0108,09-04-2023,1363
C0108,02-05-2023,2018
C0108,24-05-2023,445
C0109,26-01-2023,2033
C0109,04-02-2023,784
C0109,15-02-2023,604
C0109,15-03-2023,1856
C0109,22-03-2023,1637
C0109,29-03-2023,2304
C0110,07-02-2023,1645
C0110,01-03-2023,1563
C0110,21-03-2023,2059
C0110,08-04-2023,1289
C0110,24-04-2023,2460
C0110,20-05-2023,1458
C0110,06-06-2023,1454
C0110,06-07-2023,1038
C0110,01-08-2023,471
C0110,18-08-2023,1594
C0110,15-09-2023,1442
C0110,23-09-2023,156
C0110,21-10-2023,2399
C0111,05-02-2023,1676
C0111,14-02-2023,2340
C0111,28-02-2023,236
C0111,27-03-2023,676
C0111,08-04-2023,2452
C0111,17-04-2023,1702
C0111,15-05-2023,988
C0111,09-06-2023,665
C0111,08-07-2023,526
C0111,03-08-2023,2192
C0111,10-08-2023,1171
C0111,09-09-2023,1130
C0111,30-09-2023,432
C0111,14-10-2023,1307
C0111,07-11-2023,1786
C0111,20-11-2023,1757
C0111,18-12-2023,1604
C0112,25-01-2023,241
C0112,02-02-2023,911
C0112,17-02-2023,250
C0112,03-03-2023,346
C0112,16-03-2023,1161
C0112,23-03-2023,945
C0112,10-04-2023,712
C0112,07-05-2023,675
C0112,29-05-2023,2367
C0112,18-06-2023,916
C0112,18-07-2023,2030
C0112,31-07-2023,623
C0112,11-08-2023,1015
C0112,09-09-2023,968
C0112,05-10-2023,2317
C0113,18-01-2023,2322
C0113,11-02-2023,755
C0113,24-02-2023,2187
C0113,25-03-2023,2158
C0113,18-04-2023,1324
C0113,09-05-2023,2109
C0113,28-05-2023,2078
C0113,25-06-2023,1805
C0113,03-07-2023,2055
C0113,10-07-2023,2290
C0113,20-07-2023,1633
C0113,18-08-2023,1104
C0114,30-01-2023,500
C0114,27-02-2023,430
C0114,20-03-2023,1202
C0114,27-03-2023,1323
C0114,20-04-2023,1448
C0114,19-05-2023,915
C0115,12-01-2023,1387
C0115,24-01-2023,229
C0115,07-02-2023,2318
C0115,03-03-2023,2414
C0115,24-03-2023,2180
C0115,17-04-2023,603
C0115,24-04-2023,1023
C0115,21-05-2023,2212
C0115,07-06-2023,1704
C0115,14-06-2023,1285
C0115,08-07-2023,1610
C0115,25-07-2023,928
C0115,02-08-2023,1644
C0116,28-01-2023,1410
C0116,21-02-2023,1287
C0116,07-03-2023,1078
C0116,31-03-2023,245
C0116,26-04-2023,2401
C0116,06-05-2023,369
C0116,28-05-2023,701
C0116,08-06-2023,894
C0116,07-07-2023,1819
C0116,18-07-2023,850
C0116,14-08-2023,1499
C0117,05-02-2023,1442
C0117,24-02-2023,248
C0117,20-03-2023,775
C0117,14-04-2023,2480
C0117,14-05-2023,275
C0117,25-05-2023,236
C0117,20-06-2023,1207
C0118,20-01-2023,1983
C0118,08-02-2023,343
C0118,08-03-2023,922
C0118,17-03-2023,884
C0118,02-04-2023,1656
C0118,01-05-2023,768
C0118,15-05-2023,1603
C0118,22-05-2023,1305
C0118,10-06-2023,480
C0118,07-07-2023,1358
C0118,17-07-2023,730
C0118,26-07-2023,1996
C0118,25-08-2023,1751
C0118,03-09-2023,169
C0118,28-09-2023,1454
C0118,06-10-2023,1688
C0119,14-01-2023,1681
C0119,08-02-2023,1651
C0119,01-03-2023,1876
C0119,17-03-2023,235
C0119,26-03-2023,2247
C0119,18-04-2023,1545
C0119,04-05-2023,803
C0119,03-06-2023,525
C0119,19-06-2023,408
C0119,16-07-2023,1441
C0120,09-02-2023,2240
C0120,28-02-2023,1494
C0120,08-03-2023,2090
C0120,07-04-2023,147
C0120,26-04-2023,1172
C0120,25-05-2023,2389
C0120,12-06-2023,2395
C0120,04-07-2023,342
C0121,08-02-2023,700
C0121,02-03-2023,1212
C0121,25-03-2023,1724
C0121,16-04-2023,273
C0121,24-04-2023,1531
C0121,10-05-2023,1613
C0121,05-06-2023,1467
C0121,05-07-2023,1641
C0121,26-07-2023,564
C0121,17-08-2023,566
C0121,28-08-2023,1895
C0121,21-09-2023,1734
C0121,13-10-2023,1095
C0121,29-10-2023,1721
C0121,25-11-2023,1256
C0121,20-12-2023,2266
C0122,26-01-2023,325
C0122,16-02-2023,2146
C0122,06-03-2023,933
C0122,23-03-2023,1872
C0122,06-04-2023,1321
C0123,15-01-2023,943
C0123,29-01-2023,2329
C0123,19-02-2023,1238
C0123,18-03-2023,2484
C0123,11-04-2023,1168
C0123,29-04-2023,122
C0123,20-05-2023,1794
C0123,28-05-2023,1969
C0123,10-06-2023,252
C0123,24-06-2023,1994
C0123,24-07-2023,1948
C0123,09-08-2023,909
C0123,30-08-2023,1925
C0123,14-09-2023,2238
C0123,25-09-2023,569
C0123,19-10-2023,1865
C0124,21-01-2023,464
C0124,13-02-2023,1645
C0124,25-02-2023,1538
C0124,27-03-2023,1075
C0124,16-04-2023,1380
C0124,14-05-2023,244
C0124,12-06-2023,1872
C0124,30-06-2023,1492
C0124,08-07-2023,1739
C0124,24-07-2023,951
C0124,13-08-2023,1812
C0125,10-02-2023,1354
C0125,04-03-2023,2364
C0125,28-03-2023,2164
C0125,15-04-2023,871
C0125,25-04-2023,2107
C0125,03-05-2023,1447
C0125,16-05-2023,1881
C0125,31-05-2023,1638
C0125,19-06-2023,945
C0125,19-07-2023,1538
C0125,10-08-2023,1422
C0125,09-09-2023,945
C0125,04-10-2023,2253
C0125,29-10-2023,1690
C0125,25-11-2023,1686
C0125,10-12-2023,2371
C0126,07-02-2023,1728
C0126,21-02-2023,1816
C0126,08-03-2023,1014
C0126,19-03-2023,2147
C0126,02-04-2023,378
C0126,16-04-2023,690
C0126,04-05-2023,497
C0126,19-05-2023,2429
C0126,10-06-2023,1681
C0126,22-06-2023,1931
C0126,12-07-2023,2361
C0126,29-07-2023,2390
C0126,07-08-2023,473
C0127,26-01-2023,420
C0127,12-02-2023,2342
C0127,03-03-2023,148
C0127,21-03-2023,1366
C0127,15-04-2023,1471
C0127,26-04-2023,1851
C0127,26-05-2023,1676
C0127,02-06-2023,1221
C0127,28-06-2023,301
C0127,26-07-2023,825
C0127,05-08-2023,361
C0127,22-08-2023,413
C0127,18-09-2023,1574
C0127,28-09-2023,1042
C0127,06-10-2023,884
C0127,14-10-2023,1283
C0127,24-10-2023,2424
C0127,23-11-2023,367
C0128,01-02-2023,843
C0128,24-02-2023,2239
C0128,20-03-2023,798
C0128,10-04-2023,1793
C0128,27-04-2023,187
C0128,17-05-2023,2046
C0128,29-05-2023,1030
C0128,18-06-2023,1830
C0128,12-07-2023,454
C0128,24-07-2023,539
C0128,21-08-2023,1579
C0128,12-09-2023,797
C0128,11-10-2023,1663
C0128,05-11-2023,603
C0129,09-01-2023,1010
C0129,20-01-2023,662
C0129,13-02-2023,2346
C0129,21-02-2023,1344
C0129,28-02-2023,241
C0129,07-03-2023,1716
C0129,16-03-2023,1937
C0129,05-04-2023,1432
C0129,01-05-2023,1209
C0129,17-05-2023,373
C0129,09-06-2023,695
C0129,29-06-2023,1284
C0129,14-07-2023,1754
C0129,04-08-2023,1370
C0129,29-08-2023,2360
C0130,27-01-2023,2065
C0130,03-02-2023,565
C0130,10-02-2023,430
C0130,10-03-2023,1393
C0130,17-03-2023,374
C0130,24-03-2023,2036
C0130,20-04-2023,1374
C0130,01-05-2023,427
C0130,09-05-2023,1401
C0130,04-06-2023,1521
C0130,15-06-2023,2311
C0130,08-07-2023,1930
C0131,23-01-2023,1410
C0131,18-02-2023,504
C0131,02-03-2023,906
C0131,22-03-2023,2399
C0131,15-04-2023,312
C0131,27-04-2023,1923
C0131,10-05-2023,1707
C0132,30-01-2023,1772
C0132,08-02-2023,1811
C0132,22-02-2023,553
C0132,04-03-2023,404
C0132,28-03-2023,2226
C0132,20-04-2023,168
C0132,15-05-2023,2448
C0132,22-05-2023,1544
C0132,04-06-2023,1460
C0132,27-06-2023,151
C0132,21-07-2023,206
C0132,04-08-2023,1359
C0133,05-02-2023,2057
C0133,05-03-2023,842
C0133,01-04-2023,2362
C0133,30-04-2023,765
C0133,28-05-2023,2455
C0134,22-01-2023,1935
C0134,12-02-2023,505
C0134,25-02-2023,961
C0134,11-03-2023,1218
C0134,23-03-2023,199
C0135,23-01-2023,2272
C0135,05-02-2023,1905
C0135,06-03-2023,462
C0135,02-04-2023,602
C0135,20-04-2023,1713
C0135,27-04-2023,763
C0135,14-05-2023,2197
C0136,02-02-2023,485
C0136,18-02-2023,956
C0136,06-03-2023,1927
C0136,18-03-2023,2341
C0136,01-04-2023,2442
C0136,09-04-2023,926
C0136,29-04-2023,916
C0136,26-05-2023,1320
C0136,22-06-2023,2204
C0137,14-02-2023,2290
C0137,21-02-2023,1935
C0137,13-03-2023,456
C0137,02-04-2023,135
C0137,15-04-2023,1249
C0137,09-05-2023,1597
C0137,20-05-2023,1032
C0137,02-06-2023,219
C0138,05-02-2023,387
C0138,26-02-2023,1799
C0138,28-03-2023,1448
C0138,09-04-2023,954
C0138,07-05-2023,1279
C0138,24-05-2023,1803
C0138,13-06-2023,638
C0138,02-07-2023,2086
C0138,28-07-2023,1745
C0138,26-08-2023,1869
C0138,10-09-2023,418
C0138,22-09-2023,1057
C0138,13-10-2023,548
C0138,12-11-2023,2100
C0138,22-11-2023,1209
C0138,11-12-2023,945
C0138,28-12-2023,1515
C0139,05-02-2023,582
C0139,14-02-2023,408
C0139,05-03-2023,1183
C0139,30-03-2023,1698
C0139,20-04-2023,212
C0139,10-05-2023,955
C0139,21-05-2023,936
C0139,07-06-2023,460
C0139,01-07-2023,2385
C0139,16-07-2023,2189
C0139,15-08-2023,1455
C0139,06-09-2023,2028
C0139,25-09-2023,754
C0139,14-10-2023,1995
C0139,29-10-2023,1071
C0139,11-11-2023,352
C0139,07-12-2023,2140
C0140,28-01-2023,1467
C0140,06-02-2023,523
C0140,25-02-2023,1502
C0140,12-03-2023,1738
C0140,09-04-2023,2292
C0140,22-04-2023,1432
C0140,11-05-2023,1198
C0140,22-05-2023,166
C0140,04-06-2023,2485
C0140,29-06-2023,327
C0140,26-07-2023,1449
C0140,12-08-2023,1151
C0140,08-09-2023,1155
C0140,26-09-2023,1030
C0141,03-02-2023,1035
C0141,21-02-2023,476
C0141,03-03-2023,1141
C0141,12-03-2023,1851
C0141,07-04-2023,2008
C0141,05-05-2023,2353
C0142,19-01-2023,2383
C0142,05-02-2023,593
C0142,04-03-2023,1245
C0142,17-03-2023,1562
C0142,03-04-2023,1663
C0142,15-04-2023,978
C0142,07-05-2023,2397
C0142,31-05-2023,2406
C0142,19-06-2023,1874
C0142,12-07-2023,1176
C0143,06-02-2023,452
C0143,03-03-2023,1526
C0143,21-03-2023,2130
C0143,14-04-2023,2066
C0144,17-02-2023,550
C0144,17-03-2023,1628
C0144,28-03-2023,1463
C0144,14-04-2023,914
C0144,11-05-2023,1331
C0144,01-06-2023,651
C0144,24-06-2023,685
C0144,05-07-2023,1111
C0144,28-07-2023,662
C0144,18-08-2023,1246
C0144,25-08-2023,1602
C0144,20-09-2023,1530
C0144,17-10-2023,1773
C0144,26-10-2023,1867
C0144,03-11-2023,1425
C0144,03-12-2023,395
C0144,19-12-2023,2214
C0145,24-01-2023,150
C0145,22-02-2023,542
C0145,13-03-2023,2371
C0145,06-04-2023,1400
C0145,23-04-2023,1887
C0145,20-05-2023,2354
C0145,11-06-2023,1010
C0145,04-07-2023,322
C0145,13-07-2023,979
C0145,29-07-2023,2395
C0145,17-08-2023,542
C0145,26-08-2023,1830
C0145,16-09-2023,1176
C0145,03-10-2023,1495
C0145,27-10-2023,626
C0146,15-02-2023,748
C0146,23-02-2023,1125
C0146,19-03-2023,1339
C0146,13-04-2023,2058
C0146,24-04-2023,658
C0146,03-05-2023,2298
C0146,19-05-2023,1429
C0146,29-05-2023,2351
C0146,25-06-2023,1785
C0146,06-07-2023,847
C0146,21-07-2023,1174
C0146,28-07-2023,652
C0146,17-08-2023,783
C0146,10-09-2023,1302
C0146,27-09-2023,420
C0146,05-10-2023,1345
C0147,19-01-2023,1206
C0147,27-01-2023,1583
C0147,08-02-2023,636
C0147,16-02-2023,402
C0147,16-03-2023,2071
C0147,25-03-2023,799
C0147,15-04-2023,649
C0147,07-05-2023,514
C0147,05-06-2023,610
C0147,12-06-2023,1739
C0147,10-07-2023,512
C0147,06-08-2023,1631
C0147,29-08-2023,600
C0147,28-09-2023,1387
C0147,19-10-2023,1849
C0147,30-10-2023,907
C0148,10-01-2023,1845
C0148,05-02-2023,699
C0148,14-02-2023,2297
C0148,13-03-2023,709
C0148,27-03-2023,1834
C0148,13-04-2023,1513
C0148,13-05-2023,1364
C0148,02-06-2023,1900
C0148,24-06-2023,2332
C0148,21-07-2023,2058
C0148,20-08-2023,341
C0148,02-09-2023,1987
C0148,29-09-2023,335
C0148,26-10-2023,2314
C0149,27-01-2023,608
C0149,26-02-2023,1913
C0149,27-03-2023,1717
C0149,19-04-2023,602
C0149,29-04-2023,2139
C0149,16-05-2023,2234
C0149,06-06-2023,2439
C0149,22-06-2023,1751
C0149,12-07-2023,1281
C0149,06-08-2023,2259
C0150,17-02-2023,753
C0150,28-02-2023,741
C0150,10-03-2023,2478
C0150,29-03-2023,1495
C0150,09-04-2023,1629
C0150,17-04-2023,720
C0150,05-05-2023,813
